d;hammare;30;2023-10-18 16:21:50
d;hammare;30;2023-10-18 16:22:41
d;hammare;30;2023-10-18 16:23:55
d;hammare;30;2023-10-18 16:23:55
d;hammare;30;2023-10-18 16:34:01
albin;hammare;30;2023-10-18 22:38:25
albin;hammare;30;2023-10-18 23:06:29
d;hammare;30;2023-10-19 10:16:31
Demo;hammare;30;2023-10-19 11:25:52
Demo;hammare;30;2023-10-19 11:25:52
Demo;hammare;30;2023-10-19 11:26:27
Demo;hammare;30;2023-10-19 11:26:27
Demo;hammare;30;2023-10-19 11:26:27
d;test2;200;2023-10-20 12:53:32
d;test;123;2023-10-20 12:53:32
d;test;123;2023-10-20 13:52:33
d;test;123;2023-10-20 13:52:33
d;hammare;30;2023-10-20 13:53:26
d;hammare;30;2023-10-20 13:55:03
fadi;hammare;30;2023-10-20 14:02:22
fadi;test;123;2023-10-20 14:02:22
